﻿Designator,Quantity,Value,Footprint,Package,MPN,DNP,Mount_Type,Description,MF,Description_1,Price,PROD_ID,SnapEDA_Link,MP,Availability,Check_prices,PARTREV,STANDARD,MAXIMUM_PACKAGE_HEIGHT,MANUFACTURER,SNAPEDA_PN
"C1, C11, C12, C18, C19, C20, C21, C22, C23, C24, C3",11,100nF,C_0603_1608Metric_Pad1.08x0.95mm_HandSolder,,,,smt,"[C18]Unpolarized capacitor; [C19,C20,C21,C22,C23,C24,C3]Unpolarized capacitor, small symbol",,,,,,,,,,,,,
"C10, C13, C9",3,2.2uF,C_0603_1608Metric_Pad1.08x0.95mm_HandSolder,,,,smt,"[C9]Unpolarized capacitor, small symbol; [C13]Unpolarized capacitor",,,,,,,,,,,,,
C14,1,4.7nF,C_0603_1608Metric_Pad1.08x0.95mm_HandSolder,,,,smt,"Unpolarized capacitor, small symbol",,,,,,,,,,,,,
"C15, C16",2,100pF,C_0603_1608Metric_Pad1.08x0.95mm_HandSolder,,,,smt,"Unpolarized capacitor, small symbol",,,,,,,,,,,,,
C17,1,22uF,C_0603_1608Metric_Pad1.08x0.95mm_HandSolder,,,,smt,Unpolarized capacitor,,,,,,,,,,,,,
C2,1,10uF,C_0603_1608Metric_Pad1.08x0.95mm_HandSolder,,,,smt,Unpolarized capacitor,,,,,,,,,,,,,
"C25, C26",2,33pF,C_0603_1608Metric_Pad1.08x0.95mm_HandSolder,,,,smt,"Unpolarized capacitor, small symbol",,,,,,,,,,,,,
C4,1,100uF,C_1210_3225Metric,,,,smt,"Polarized capacitor, small symbol",,,,,,,,,,,,,
"C5, C6, C7",3,100nF,C_1210_3225Metric,,,,smt,"Unpolarized capacitor, small symbol",,,,,,,,,,,,,
C8,1,22nF,C_0603_1608Metric_Pad1.08x0.95mm_HandSolder,,,,smt,"Unpolarized capacitor, small symbol",,,,,,,,,,,,,
D1,1,PESD1CAN,SOT23-3,SOT-323 NXP Semiconductors,,,smt,,NXP Semiconductors,70V Clamp 3A (8/20µs) Ipp Tvs Diode Surface Mount TO-236AB,None,DIO-12501,https://www.snapeda.com/parts/PESD1CAN/NXP+Semiconductors/view-part/?ref=snap,PESD1CAN,In Stock,https://www.snapeda.com/parts/PESD1CAN/NXP+Semiconductors/view-part/?ref=eda,,,,,
J1,1,Motor Output,JST_XH_B4B-XH-A_1x04_P2.50mm_Vertical,,,,tht,"Generic connector, single row, 01x04, script generated",,,,,,,,,,,,,
"J2, J3",2,Conn_01x02_Pin,PinHeader_1x02_P2.54mm_Vertical,,,,tht,"Generic connector, single row, 01x02, script generated",,,,,,,,,,,,,
J4,1,5V Source Select,PinHeader_1x03_P2.54mm_Vertical,,,,tht,"Generic connector, single row, 01x03, script generated",,,,,,,,,,,,,
J5,1,Input Header,JST_XH_B5B-XH-A_1x05_P2.50mm_Vertical,,,,tht,"Generic connector, single row, 01x05, script generated",,,,,,,,,,,,,
J6,1,Conn_01x07_Pin,PinHeader_1x07_P2.54mm_Vertical,,,,tht,"Generic connector, single row, 01x07, script generated",,,,,,,,,,,,,
J7,1,USB-C,AMPHENOL_10152803-00011LF,,,,smt,,,,,,,,,,A,Manufacturer Recommendations,3.26 mm,Amphenol,
R1,1,1K,R_0603_1608Metric_Pad0.98x0.95mm_HandSolder,,,,smt,Resistor,,,,,,,,,,,,,
"R10, R9",2,120,R_0603_1608Metric_Pad0.98x0.95mm_HandSolder,,,,smt,Resistor,,,,,,,,,,,,,
"R11, R12, R6",3,10K,R_0603_1608Metric_Pad0.98x0.95mm_HandSolder,,,,smt,Resistor,,,,,,,,,,,,,
"R13, R14",2,5.1K,R_0603_1608Metric_Pad0.98x0.95mm_HandSolder,,,,smt,Resistor,,,,,,,,,,,,,
"R2, R3",2,0.11,R_0603_1608Metric_Pad0.98x0.95mm_HandSolder,,,,smt,Resistor,,,,,,,,,,,,,
"R4, R5",2,4.7K,R_0603_1608Metric_Pad0.98x0.95mm_HandSolder,,,,smt,Resistor,,,,,,,,,,,,,
"R7, R8",2,60,R_0603_1608Metric_Pad0.98x0.95mm_HandSolder,,,,smt,Resistor,,,,,,,,,,,,,
"S1, S2",2,TL3365AF180QG,TL3365AF180QG,,,,smt,,,,,,,,,,A,Manufacturer Recommendations,2.5 mm,E-Switch,TL3365AF180QG
U1,1,AS5600L-ASOM,AS5600L-ASOM_AMS-M,,,,smt,,,,,,,,,,,,,,
U2,1,TMC2209-LA,VQFN-28-1EP_5x5mm_P0.5mm_EP3.7x3.7mm_ThermalVias,,,,smt,"2-phase stepper motor driver, 256 µSteps, 2.8A peak, 2.0A RMS, VS = 4.75..29V, STEP/DIR and UART interface, VQFN-28",,,,,,,,,,,,,
U3,1,SN65HVD230,SOIC-8_3.9x4.9mm_P1.27mm,,,,smt,"CAN Bus Transceivers, 3.3V, 1Mbps, Low-Power capabilities, SOIC-8",,,,,,,,,,,,,
U4,1,AMS1117-3.3,SOT-223-3_TabPin2,,,,smt,"1A Low Dropout regulator, positive, 3.3V fixed output, SOT-223",,,,,,,,,,,,,
U5,1,STM32G431CBTxZ,LQFP-48_7x7mm_P0.5mm,,,,smt,"STMicroelectronics Arm Cortex-M4 MCU, 128KB flash, 32KB RAM, 170 MHz, 1.71-3.6V, 38 GPIO, LQFP48",,,,,,,,,,,,,
Y1,1,407F39E008M0000,XTAL_407F39E008M0000,,,,smt,,,,,,,,,,N/A,Manufacturer Recommendations,1.3 mm,CTS-FREQUENCY CONTROLS,
