﻿pos_x,pos_y,rotation,side,designator,mpn,pack,footprint,value,mount_type
145.2,-119.5375,-90.0,bottom,C1,,,C_0603_1608Metric_Pad1.08x0.95mm_HandSolder,100nF,smt
145.5,-129.5,180.0,top,C10,,,C_0603_1608Metric_Pad1.08x0.95mm_HandSolder,2.2uF,smt
127.0,-130.2,-90.0,bottom,C11,,,C_0603_1608Metric_Pad1.08x0.95mm_HandSolder,100nF,smt
125.333333,-130.2,-90.0,bottom,C12,,,C_0603_1608Metric_Pad1.08x0.95mm_HandSolder,100nF,smt
123.7375,-136.5,0.0,top,C13,,,C_0603_1608Metric_Pad1.08x0.95mm_HandSolder,2.2uF,smt
144.0,-139.6,-90.0,bottom,C14,,,C_0603_1608Metric_Pad1.08x0.95mm_HandSolder,4.7nF,smt
134.2625,-138.1,0.0,bottom,C15,,,C_0603_1608Metric_Pad1.08x0.95mm_HandSolder,100pF,smt
134.3,-134.0,0.0,bottom,C16,,,C_0603_1608Metric_Pad1.08x0.95mm_HandSolder,100pF,smt
124.575,-133.9375,-90.0,top,C17,,,C_0603_1608Metric_Pad1.08x0.95mm_HandSolder,22uF,smt
122.975,-133.9,-90.0,top,C18,,,C_0603_1608Metric_Pad1.08x0.95mm_HandSolder,100nF,smt
146.45,-121.1,90.0,top,C19,,,C_0603_1608Metric_Pad1.08x0.95mm_HandSolder,100nF,smt
147.1,-119.5375,-90.0,bottom,C2,,,C_0603_1608Metric_Pad1.08x0.95mm_HandSolder,10uF,smt
142.6625,-131.5,0.0,top,C20,,,C_0603_1608Metric_Pad1.08x0.95mm_HandSolder,100nF,smt
148.2,-121.1,90.0,top,C21,,,C_0603_1608Metric_Pad1.08x0.95mm_HandSolder,100nF,smt
139.25,-131.5,180.0,top,C22,,,C_0603_1608Metric_Pad1.08x0.95mm_HandSolder,100nF,smt
134.5,-119.3625,90.0,top,C23,,,C_0603_1608Metric_Pad1.08x0.95mm_HandSolder,100nF,smt
136.25,-119.3625,90.0,top,C24,,,C_0603_1608Metric_Pad1.08x0.95mm_HandSolder,100nF,smt
130.75,-119.5,0.0,top,C25,,,C_0603_1608Metric_Pad1.08x0.95mm_HandSolder,33pF,smt
127.5,-127.6125,90.0,top,C26,,,C_0603_1608Metric_Pad1.08x0.95mm_HandSolder,33pF,smt
144.6125,-131.0,180.0,bottom,C3,,,C_0603_1608Metric_Pad1.08x0.95mm_HandSolder,100nF,smt
157.0,-142.0,180.0,bottom,C4,,,C_1210_3225Metric,100uF,smt
157.0,-135.0,0.0,bottom,C5,,,C_1210_3225Metric,100nF,smt
157.0,-131.5,0.0,bottom,C6,,,C_1210_3225Metric,100nF,smt
157.0,-138.5,180.0,bottom,C7,,,C_1210_3225Metric,100nF,smt
150.3875,-139.0,180.0,bottom,C8,,,C_0603_1608Metric_Pad1.08x0.95mm_HandSolder,22nF,smt
146.3875,-137.5,0.0,top,C9,,,C_0603_1608Metric_Pad1.08x0.95mm_HandSolder,2.2uF,smt
141.2,-138.0,0.0,top,D1,,SOT-323 NXP Semiconductors,SOT23-3,PESD1CAN,smt
165.525,-134.75,-90.0,top,J1,,,JST_XH_B4B-XH-A_1x04_P2.50mm_Vertical,Motor Output,tht
132.7,-144.375,180.0,top,J2,,,PinHeader_1x02_P2.54mm_Vertical,Conn_01x02_Pin,tht
152.5,-144.375,180.0,top,J3,,,PinHeader_1x02_P2.54mm_Vertical,Conn_01x02_Pin,tht
138.46,-134.6,90.0,top,J4,,,PinHeader_1x03_P2.54mm_Vertical,5V Source Select,tht
147.6,-143.325,180.0,top,J5,,,JST_XH_B5B-XH-A_1x05_P2.50mm_Vertical,Input Header,tht
131.84,-107.8,90.0,top,J6,,,PinHeader_1x07_P2.54mm_Vertical,Conn_01x07_Pin,tht
159.6475,-123.5,90.0,top,J7,,,AMPHENOL_10152803-00011LF,USB-C,smt
147.75,-124.75,90.0,top,R1,,,R_0603_1608Metric_Pad0.98x0.95mm_HandSolder,1K,smt
145.7,-139.6125,90.0,bottom,R10,,,R_0603_1608Metric_Pad0.98x0.95mm_HandSolder,120,smt
146.2,-116.6,180.0,top,R11,,,R_0603_1608Metric_Pad0.98x0.95mm_HandSolder,10K,smt
132.915,-116.8,180.0,top,R12,,,R_0603_1608Metric_Pad0.98x0.95mm_HandSolder,10K,smt
154.75,-129.5,0.0,top,R13,,,R_0603_1608Metric_Pad0.98x0.95mm_HandSolder,5.1K,smt
151.0,-121.7,180.0,bottom,R14,,,R_0603_1608Metric_Pad0.98x0.95mm_HandSolder,5.1K,smt
153.3,-132.3125,-90.0,bottom,R2,,,R_0603_1608Metric_Pad0.98x0.95mm_HandSolder,0.11,smt
153.25,-137.0875,-90.0,bottom,R3,,,R_0603_1608Metric_Pad0.98x0.95mm_HandSolder,0.11,smt
133.6,-123.5125,-90.0,bottom,R4,,,R_0603_1608Metric_Pad0.98x0.95mm_HandSolder,4.7K,smt
141.5875,-115.4,-0.0,bottom,R5,,,R_0603_1608Metric_Pad0.98x0.95mm_HandSolder,4.7K,smt
128.5,-142.6875,-90.0,bottom,R6,,,R_0603_1608Metric_Pad0.98x0.95mm_HandSolder,10K,smt
122.0,-130.2,-90.0,bottom,R7,,,R_0603_1608Metric_Pad0.98x0.95mm_HandSolder,60,smt
123.666667,-130.2,-90.0,bottom,R8,,,R_0603_1608Metric_Pad0.98x0.95mm_HandSolder,60,smt
130.5,-142.6875,-90.0,bottom,R9,,,R_0603_1608Metric_Pad0.98x0.95mm_HandSolder,120,smt
132.9,-113.8,180.0,top,S1,,,TL3365AF180QG,TL3365AF180QG,smt
147.6025,-113.7,0.0,top,S2,,,TL3365AF180QG,TL3365AF180QG,smt
141.0,-125.0,180.0,bottom,U1,,,AS5600L-ASOM_AMS-M,AS5600L-ASOM,smt
149.1,-134.5,90.0,bottom,U2,,,VQFN-28-1EP_5x5mm_P0.5mm_EP3.7x3.7mm_ThermalVias,TMC2209-LA,smt
128.7,-135.0,0.0,bottom,U3,,,SOIC-8_3.9x4.9mm_P1.27mm,SN65HVD230,smt
131.0,-133.75,0.0,top,U4,,,SOT-223-3_TabPin2,AMS1117-3.3,smt
140.5,-125.0,0.0,top,U5,,,LQFP-48_7x7mm_P0.5mm,STM32G431CBTxZ,smt
131.0,-125.0,0.0,top,Y1,,,XTAL_407F39E008M0000,407F39E008M0000,smt
